word,category
bridge,random
piano,random
cloud,random
hammer,random
ocean,random
library,random
candle,random
bicycle,random
window,random
mountain,random
coffee,random
blanket,random
river,random
camera,random
garden,random
laptop,random
bottle,random
airport,random
chair,random
bread,random
violin,random
castle,random
mirror,random
rocket,random
school,random
telephone,random
forest,random
kitchen,random
newspaper,random
suitcase,random
island,random
engine,random
clock,random
notebook,random
village,random
flower,random
doctor,random
market,random
winter,random
summer,random
rain,random
music,random
football,random
computer,random
paper,random
train,random
street,random
table,random
lamp,random
beach,random
book,random
spoon,random
door,random
ship,random
house,random
tower,random
radio,random
wallet,random
cheese,random
apple,random
banana,random
shirt,random
shoe,random
hat,random
movie,random
dance,random
dream,random
energy,random
science,random
history,random
language,random
family,random
friend,random
city,random
country,random
money,random
job,random
morning,random
night,random
star,random
cat,animal
dog,animal
horse,animal
cow,animal
sheep,animal
lion,animal
tiger,animal
elephant,animal
rabbit,animal
bear,animal
red,color
blue,color
green,color
yellow,color
orange,color
purple,color
pink,color
black,color
white,color
brown,color
